Your ISBN numbers are below. They are unique to MyPhonicsBooks. ISBNs are not transferable away from the registered publishing name, or its wholly-controlled imprints and alternative publishing names.

978-1-919114-00-2
978-1-919114-01-9
978-1-919114-02-6
978-1-919114-03-3
978-1-919114-04-0
978-1-919114-05-7
978-1-919114-06-4
978-1-919114-07-1
978-1-919114-08-8
978-1-919114-09-5
978-1-919114-10-1
978-1-919114-11-8
978-1-919114-12-5
978-1-919114-13-2
978-1-919114-14-9
978-1-919114-15-6
978-1-919114-16-3
978-1-919114-17-0
978-1-919114-18-7
978-1-919114-19-4
978-1-919114-20-0
978-1-919114-21-7
978-1-919114-22-4
978-1-919114-23-1
978-1-919114-24-8
978-1-919114-25-5
978-1-919114-26-2
978-1-919114-27-9
978-1-919114-28-6
978-1-919114-29-3
978-1-919114-30-9
978-1-919114-31-6
978-1-919114-32-3
978-1-919114-33-0
978-1-919114-34-7
978-1-919114-35-4
978-1-919114-36-1
978-1-919114-37-8
978-1-919114-38-5
978-1-919114-39-2
978-1-919114-40-8
978-1-919114-41-5
978-1-919114-42-2
978-1-919114-43-9
978-1-919114-44-6
978-1-919114-45-3
978-1-919114-46-0
978-1-919114-47-7
978-1-919114-48-4
978-1-919114-49-1
978-1-919114-50-7
978-1-919114-51-4
978-1-919114-52-1
978-1-919114-53-8
978-1-919114-54-5
978-1-919114-55-2
978-1-919114-56-9
978-1-919114-57-6
978-1-919114-58-3
978-1-919114-59-0
978-1-919114-60-6
978-1-919114-61-3
978-1-919114-62-0
978-1-919114-63-7
978-1-919114-64-4
978-1-919114-65-1
978-1-919114-66-8
978-1-919114-67-5
978-1-919114-68-2
978-1-919114-69-9
978-1-919114-70-5
978-1-919114-71-2
978-1-919114-72-9
978-1-919114-73-6
978-1-919114-74-3
978-1-919114-75-0
978-1-919114-76-7
978-1-919114-77-4
978-1-919114-78-1
978-1-919114-79-8
978-1-919114-80-4
978-1-919114-81-1
978-1-919114-82-8
978-1-919114-83-5
978-1-919114-84-2
978-1-919114-85-9
978-1-919114-86-6
978-1-919114-87-3
978-1-919114-88-0
978-1-919114-89-7
978-1-919114-90-3
978-1-919114-91-0
978-1-919114-92-7
978-1-919114-93-4
978-1-919114-94-1
978-1-919114-95-8
978-1-919114-96-5
978-1-919114-97-2
978-1-919114-98-9
978-1-919114-99-6

Please note that whenever the ISBN is printed it must conform to the structure shown, although the hyphens may be replaced by spaces.

Your receipted invoice is attached.  Card payments will show on your statement as “Nielsen Book Services”.